marijuana;gender;smoke;residence;peer_1;peer_2;peer_3
0;1;0;1;-0.399889019;10.6974;11.3672
0;1;0;1;-2.162947941;10.7334;11.1837
0;1;1;1;-1.689608762;10.7334;11.2013
0;0;0;1;-0.391295517;10.6135;11.2705
0;0;0;1;1.218300126;10.6311;11.2899
0;0;1;1;-0.226989515;10.6444;11.3685
0;0;0;1;-2.272156086;11.0644;11.1167
0;0;0;1;-0.29701671;10.9758;11.2876
1;0;1;1;-0.924596299;10.9322;11.1831
0;1;0;1;1.178118848;10.6518;11.3473
0;1;1;1;1.203169292;10.5532;11.3203
1;1;1;1;-1.025999898;10.593;11.2037
0;1;0;1;-0.62962824;10.7478;11.1326
0;0;1;1;0.46940895;10.6725;11.1422
0;0;0;1;1.228219735;10.6667;11.1949
0;0;0;1;1.031124132;10.9207;11.083
0;1;0;1;0.382222945;10.7789;11.0993
0;0;0;1;-1.044984772;10.81;11.1917
0;1;0;1;1.323210285;10.711;11.0717
0;1;0;1;-1.119501574;10.6639;11.27
0;0;0;1;1.143148795;10.7258;11.2602
0;0;0;1;1.203169292;10.6155;11.1784
0;0;0;1;0.80821083;10.7012;11.1395
1;1;1;1;-0.035959482;10.7556;11.0562
0;0;0;1;1.253270179;10.7507;11.0683
0;0;0;1;0.404100014;10.7048;11.0837
0;0;0;1;-0.27955944;10.8421;11.0677
0;1;0;1;-0.235583017;10.6106;10.9755
0;1;1;1;-0.508885792;10.6681;11.1342
0;1;1;1;0.704067926;10.6993;11.0409
0;1;1;1;-1.014955678;10.8172;11.0509
0;0;1;1;1.133229186;10.7874;10.9961
0;0;1;1;-1.230688675;10.7592;11.1877
0;1;0;1;-1.487593403;10.8448;10.9628
0;0;0;1;1.238139345;10.76;11.0401
0;1;1;1;1.143148795;10.7428;11.2013
0;1;1;1;-1.351018254;10.4896;11.2915
0;0;0;1;-0.616969326;10.446;11.367
1;1;1;1;-0.940928958;10.4889;11.4773
0;0;0;1;-1.192979318;10.5313;11.036
0;0;1;1;0.453076291;10.4273;11.0782
0;0;1;1;1.021204523;10.3116;11.229
0;0;1;1;1.288240232;10.7185;11.1839
0;1;0;1;-0.910670172;10.5469;11.2986
0;0;0;1;0.404100014;10.6207;11.2926
0;0;0;1;-0.542942606;10.2966;11.0324
0;0;1;1;0.033067385;10.6619;11.0622
0;0;1;1;-1.120990448;10.723;11.218
0;1;0;1;-2.102437362;10.8148;11.0712
0;1;0;1;1.298159842;10.725;11.0889
0;0;0;1;1.253270179;10.7454;11.3079
1;1;1;1;-0.606615646;10.4205;10.9927
0;0;1;1;0.289972113;10.4104;11.1053
0;0;0;1;-1.62873392;10.5493;11.2651
0;0;0;1;0.335073147;10.6092;11.1889
0;0;0;1;1.106564049;10.786;11.21
0;1;0;1;1.193249682;10.7205;11.2668
0;0;1;1;-0.818984686;10.4952;11.1154
0;1;0;1;-0.492841719;10.4426;11.1561
0;0;0;1;1.091433215;10.4366;11.4311
0;1;1;1;0.29805433;10.4621;11.0462
1;1;1;1;-2.000620895;10.5252;11.1433
1;0;1;1;-0.77633437;10.6221;11.1799
1;1;1;1;-0.507972553;10.8196;10.602
0;1;1;1;0.971103636;11.0627;10.907
0;1;0;1;0.926213973;11.0627;10.907
0;1;0;1;0.866193477;10.4267;10.5039
0;0;0;0;1.223008511;10.6356;10.5766
0;1;1;0;0.093087882;10.9838;10.6732
0;0;0;0;1.178118848;10.7317;10.6248
0;1;1;0;-0.19787366;10.9723;10.6804
0;1;0;0;0.961184026;10.9925;10.7647
0;1;0;0;1.238139345;9.6292;10.7392
0;1;0;0;-0.424939463;10.6222;10.4756
0;0;0;1;0.911083139;10.7254;10.7026
1;0;1;1;-1.697000439;10.6102;10.6078
0;0;0;1;0.487133105;10.6518;10.7043
1;1;1;1;-1.917108636;10.7452;10.844
1;0;1;1;-0.520631466;10.8725;10.6348
0;1;0;1;-0.291950971;11.0184;10.8509
0;1;0;1;-1.79142523;11.0665;10.8761
1;0;1;1;-0.879005182;10.5719;10.2047
1;0;1;1;1.178118848;10.822;10.4406
0;1;0;1;0.90116353;10.8596;10.6405
1;1;1;1;-1.749629259;10.8016;10.4887
0;1;0;1;-0.183867437;10.9519;10.4604
0;0;1;1;-0.896663949;11.024;10.6098
0;1;1;1;-0.56799305;10.8118;10.3708
0;1;0;1;1.238139345;10.8797;10.6839
0;0;0;1;0.272524719;11.0273;10.8209
0;0;0;1;1.168199239;10.9695;10.266
0;0;1;1;0.034191996;11.1641;10.4401
0;1;0;1;1.143148795;11.1169;10.711
0;1;0;1;0.141150919;10.9848;10.6823
0;1;1;1;-1.109946228;11.1491;10.7843
0;0;0;1;0.37996281;11.2568;11.1937
0;0;0;1;1.116483658;10.7917;10.257
0;1;0;1;1.248058954;10.9397;10.4342
1;0;1;1;-0.761002039;10.9882;10.5335
0;0;1;1;-0.506913829;10.7225;10.4474
0;1;0;1;-0.209831119;10.8107;10.4838
1;1;1;1;-2.289054504;10.9032;10.6014
0;0;0;1;0.876113086;10.632;10.0856
0;0;0;1;-0.923329085;10.8836;10.4511
0;1;0;1;-0.088876887;11.2332;10.889
1;0;1;1;-1.020788673;10.7495;10.4639
0;1;1;1;1.188038457;10.6758;10.5828
0;1;0;1;-0.532811625;10.8881;10.6879
0;0;0;1;1.108178742;10.8165;10.6338
0;0;0;1;1.178118848;10.8616;10.7319
0;0;0;1;-0.48495996;10.8006;10.9138
0;1;1;1;-1.161661808;10.7284;10.5834
1;0;1;1;-1.944398426;10.7699;10.5815
0;0;0;1;-0.508885792;10.8813;10.8283
0;1;0;1;1.081513605;10.9527;10.3037
0;0;0;1;1.106564049;10.9481;10.3357
1;1;1;1;-0.836643452;11.053;10.4472
0;1;0;1;-0.923329085;10.9054;10.5172
0;0;0;1;1.143148795;10.9689;10.6793
1;1;1;1;1.238139345;10.964;10.7345
1;1;1;1;-0.280684051;10.7324;10.4003
0;1;1;1;0.442243442;10.8287;10.3945
0;1;1;1;-0.846563061;10.8446;10.6405
0;1;0;1;-0.366245073;10.9422;10.165
0;0;0;1;0.943112392;10.8191;10.2495
0;0;1;0;0.033067385;10.9059;10.4649
1;0;1;0;-0.893011406;10.6974;11.3672
0;0;0;0;0.874498393;10.7334;11.1837
0;0;1;1;0.867106716;10.7334;11.2013
0;1;0;1;-0.833403777;10.6135;11.2705
1;1;1;1;-2.074647615;10.6311;11.2899
0;1;0;1;-1.50905719;10.6444;11.3685
0;1;0;1;-1.46366757;11.0644;11.1167
0;1;0;1;1.323210285;10.9758;11.2876
0;1;0;1;-1.036832747;10.9322;11.1831
0;0;0;1;1.203169292;10.6518;11.3473
0;1;0;1;0.176120972;10.5532;11.3203
1;1;1;1;-0.559688134;10.593;11.2037
0;1;1;1;-0.954646595;10.7478;11.1326
0;0;0;1;-0.313675148;10.6725;11.1422
1;1;1;1;-1.351931493;10.6667;11.1949
0;1;0;1;0.719198761;10.9207;11.083
0;1;0;1;0.660091503;10.7789;11.0993
0;0;0;1;0.238179319;10.81;11.1917
0;0;0;1;1.263189788;10.711;11.0717
0;1;0;1;1.143148795;10.6639;11.27
0;0;0;0;1.153068404;10.7258;11.2602
0;1;0;0;-0.507972553;10.6155;11.1784
0;1;1;1;0.300103094;10.7012;11.1395
0;0;0;1;1.118098351;10.7556;11.0562
0;0;0;1;0.926213973;10.7507;11.0683
0;1;1;1;-0.859656046;10.7048;11.0837
0;1;1;1;-0.6073171;10.8421;11.0677
0;1;0;1;0.263518348;10.6106;10.9755
0;1;0;1;-0.081550598;10.6681;11.1342
0;1;0;1;-0.259720221;10.6993;11.0409
0;1;0;1;0.075429115;10.8172;11.0509
0;0;0;1;0.62512145;10.7874;10.9961
0;0;0;1;1.022117762;10.7592;11.1877
0;1;0;1;0.971103636;10.8448;10.9628
0;1;1;1;0.609289162;10.76;11.0401
0;1;1;1;1.176504155;10.7428;11.2013
0;1;0;1;0.123992524;10.4896;11.2915
1;1;1;1;-0.957385899;10.446;11.367
0;1;0;1;1.143148795;10.4889;11.4773
0;1;1;1;-1.239753939;10.5313;11.036
0;0;0;1;-0.124548394;10.4273;11.0782
0;0;0;1;1.238139345;10.3116;11.229
0;1;0;1;-0.89575071;10.7185;11.1839
0;0;0;1;0.911083139;10.5469;11.2986
0;1;0;1;1.153068404;10.6207;11.2926
0;0;0;1;1.083128298;10.2966;11.0324
0;0;0;1;-1.088961195;10.6619;11.0622
0;1;1;1;0.660091503;10.723;11.218
0;1;1;1;-0.535762301;10.8148;11.0712
0;0;0;1;0.997067318;10.725;11.0889
1;0;1;1;-1.072014171;10.7454;11.3079
1;0;1;1;-1.411038751;10.4205;10.9927
1;1;1;1;-1.362552556;10.4104;11.1053
0;0;0;1;0.876113086;10.5493;11.2651
0;0;0;1;0.104420688;10.6092;11.1889
0;1;0;1;1.091433215;10.786;11.21
0;1;0;1;-1.017406396;10.7205;11.2668
0;1;0;1;-1.126691755;10.4952;11.1154
0;0;0;1;-0.21792425;10.4426;11.1561
1;0;1;1;0.053618347;10.4366;11.4311
0;0;0;1;-1.290709171;10.4621;11.0462
0;1;1;1;0.876113086;10.5252;11.1433
0;1;1;1;0.89124392;10.6221;11.1799
1;1;1;1;-0.416345961;10.8196;10.602
1;0;1;1;-0.00505484;11.0627;10.907
0;0;0;1;0.790340692;11.0627;10.907
0;1;0;1;0.029626628;10.4267;10.5039
0;0;0;1;-0.67233745;10.6356;10.5766
0;1;0;1;1.108178742;10.9838;10.6732
1;0;1;1;-1.74871602;10.7317;10.6248
0;1;0;1;0.90116353;10.9723;10.6804
0;1;0;1;0.287385287;10.9925;10.7647
0;0;0;1;1.288240232;9.6292;10.7392
0;1;0;1;0.585363329;10.6222;10.4756
0;1;0;1;1.118098351;10.7254;10.7026
0;1;1;1;-0.604577796;10.6102;10.6078
0;0;1;1;-0.622236562;10.6518;10.7043
0;0;0;1;0.937046822;10.7452;10.844
0;1;0;1;1.079898912;10.8725;10.6348
0;1;0;1;0.238467905;11.0184;10.8509
0;0;0;1;-2.265618754;11.0665;10.8761
0;1;0;1;-1.311107242;10.5719;10.2047
1;1;1;1;-0.192873807;10.822;10.4406
0;0;0;1;1.031412718;10.8596;10.6405
0;0;0;1;0.721236611;10.8016;10.4887
0;1;0;1;0.445194531;10.9519;10.4604
0;1;0;1;-0.784927872;11.024;10.6098
1;1;1;1;-1.379721241;10.8118;10.3708
0;1;0;1;0.344992757;10.8797;10.6839
0;0;0;1;1.118098351;11.0273;10.8209
0;0;0;1;1.153068404;10.9695;10.266
0;1;0;1;0.093087882;11.1641;10.4401
1;1;1;1;0.059031068;11.1169;10.711
0;1;0;1;-0.836643452;10.9848;10.6823
0;0;0;1;1.288240232;11.1491;10.7843
0;1;0;1;1.158279629;11.2568;11.1937
0;0;0;1;1.126403268;10.7917;10.257
0;0;0;1;0.670011113;10.9397;10.4342
0;1;0;1;1.193249682;10.9882;10.5335
0;0;0;1;-0.210532573;10.7225;10.4474
0;1;0;1;0.452663423;10.8107;10.4838
0;0;0;1;1.143148795;10.9032;10.6014
0;1;0;1;1.178118848;10.632;10.0856
0;1;0;1;0.548355426;10.8836;10.4511
1;0;1;1;0.517037916;11.2332;10.889
0;0;0;1;1.056463162;10.7495;10.4639
1;1;1;1;-1.559359574;10.6758;10.5828
0;0;1;1;-1.014955678;10.8881;10.6879
0;0;0;1;0.607462684;10.8165;10.6338
0;0;0;1;0.674309098;10.8616;10.7319
0;1;0;1;-0.343666551;10.8006;10.9138
0;1;0;1;0.859367559;10.7284;10.5834
1;0;1;1;-1.362062474;10.7699;10.5815
0;1;1;1;0.116100476;10.8813;10.8283
1;0;1;1;-0.265987288;10.9527;10.3037
0;1;0;1;0.63616567;10.9481;10.3357
0;1;1;1;0.996154079;11.053;10.4472
0;0;0;1;-0.533022997;10.9054;10.5172
0;0;0;1;0.552007969;10.9689;10.6793
0;1;1;1;-0.220663554;10.964;10.7345
1;0;1;1;-1.134996671;10.7324;10.4003
0;0;0;1;-0.56799305;10.8287;10.3945
0;0;0;1;0.63504106;10.8446;10.6405
1;0;1;1;-0.56799305;10.9422;10.165
1;1;1;1;-1.255739118;10.8191;10.2495
0;0;0;1;1.083128298;10.9059;10.4649
0;1;0;1;0.341340214;10.6974;11.3672
0;1;0;1;-0.62962824;10.7334;11.1837
1;0;0;1;0.755370639;10.7334;11.2013
0;1;0;1;1.238139345;10.6135;11.2705
0;0;0;1;0.885331242;10.6311;11.2899
1;0;1;1;-1.825482044;10.6444;11.3685
1;0;1;1;-0.356325464;11.0644;11.1167
0;0;0;1;-0.768029453;10.9758;11.2876
0;1;0;1;0.252474128;10.9322;11.1831
0;0;0;1;-0.242974694;10.6518;11.3473
0;1;0;1;0.418106238;10.5532;11.3203
0;1;0;1;-0.235583017;10.593;11.2037
1;0;1;1;-0.594658187;10.7478;11.1326
0;0;1;1;0.981023245;10.6725;11.1422
0;0;1;1;0.996154079;10.6667;11.1949
1;1;0;1;-0.300957341;10.9207;11.083
0;0;0;1;0.57340587;10.7789;11.0993
0;0;0;1;-0.284559293;10.81;11.1917
0;1;0;1;0.878150936;10.711;11.0717
1;1;1;1;-2.160420009;10.6639;11.27
1;0;1;1;0.058117829;10.7258;11.2602
0;1;0;1;1.178118848;10.6155;11.1784
0;0;1;1;-2.495916825;10.7012;11.1395
0;0;1;1;-0.291037731;10.7556;11.0562
0;0;0;1;1.118098351;10.7507;11.0683
0;1;0;1;0.600071007;10.7048;11.0837
0;1;0;1;0.660091503;10.8421;11.0677
0;1;0;1;-0.56799305;10.6106;10.9755
1;1;1;1;-0.774095023;10.6681;11.1342
0;0;0;1;-0.21792425;10.6993;11.0409
0;1;0;1;0.451750184;10.8172;11.0509
1;1;1;1;-0.503031594;10.7874;10.9961
1;0;1;0;-2.342384778;10.7592;11.1877
1;1;1;0;-1.196631861;10.8448;10.9628
0;0;0;0;0.315022557;10.76;11.0401
1;1;1;1;0.033980624;10.7428;11.2013
1;1;1;1;-0.304609884;10.4896;11.2915
0;0;1;1;0.349079371;10.446;11.367
1;0;1;1;-1.017406396;10.4889;11.4773
0;1;0;0;-0.646373767;10.5313;11.036
0;0;0;0;0.790340692;10.4273;11.0782
0;1;0;0;1.083128298;10.3116;11.229
0;0;0;0;0.070075288;10.7185;11.1839
0;0;0;0;1.133229186;10.5469;11.2986
0;0;1;0;-1.213377388;10.6207;11.2926
0;1;0;0;1.118098351;10.2966;11.0324
0;0;0;0;0.187453778;10.6619;11.0622
1;1;1;0;-1.106995138;10.723;11.218
0;0;0;0;1.118098351;10.8148;11.0712
0;1;0;1;-1.849407876;10.725;11.0889
0;0;0;1;1.108178742;10.7454;11.3079
1;1;1;1;-1.051050342;10.4205;10.9927
0;1;0;1;0.876113086;10.4104;11.1053
0;0;0;1;1.066382771;10.5493;11.2651
0;1;0;1;0.55109473;10.6092;11.1889
0;0;0;1;0.62512145;10.786;11.21
0;0;0;1;0.058117829;10.7205;11.2668
1;0;1;1;-0.435772312;10.4952;11.1154
1;0;1;1;-1.774679703;10.4426;11.1561
0;0;1;1;-0.253241783;10.4366;11.4311
0;0;0;1;-0.557862069;10.4621;11.0462
0;0;1;1;-1.542902632;10.5252;11.1433
0;0;0;1;-0.12384694;10.6221;11.1799
0;1;0;1;-0.004641972;10.8196;10.602
0;1;0;1;-0.28090675;11.0627;10.907
0;1;0;1;0.92459928;11.0627;10.907
0;0;0;1;1.188038457;10.4267;10.5039
1;1;1;1;0.007315488;10.6356;10.5766
0;1;0;1;-1.167928874;10.9838;10.6732
0;0;0;1;0.57340587;10.7317;10.6248
1;0;1;1;-0.741364317;10.9723;10.6804
1;1;1;1;-0.862106764;10.9925;10.7647
1;0;1;1;-2.03017082;9.6292;10.7392
0;0;0;1;0.764088423;10.6222;10.4756
0;0;0;1;0.971103636;10.7254;10.7026
0;1;0;1;0.720112;10.6102;10.6078
0;1;0;1;0.240082598;10.6518;10.7043
0;1;0;1;0.789138867;10.7452;10.844
0;0;1;1;0.321500995;10.8725;10.6348
0;1;0;1;1.031124132;11.0184;10.8509
0;0;1;1;1.248058954;11.0665;10.8761
0;1;0;1;-2.033611992;10.5719;10.2047
0;1;0;1;1.183330073;10.822;10.4406
0;1;0;1;-0.830518988;10.8596;10.6405
0;0;0;1;0.305044053;10.8016;10.4887
0;1;1;1;0.243120278;10.9519;10.4604
1;1;1;1;-2.530886879;11.024;10.6098
0;1;0;1;1.168199239;10.8118;10.3708
1;1;1;1;-2.393811772;10.8797;10.6839
0;0;0;1;-0.209330748;11.0273;10.8209
0;1;0;1;1.063153385;10.9695;10.266
0;0;0;1;1.143148795;11.1641;10.4401
0;0;1;1;-0.59831073;11.1169;10.711
0;0;1;1;1.218300126;10.9848;10.6823
0;0;1;1;1.143148795;11.1491;10.7843
1;1;0;1;-2.58569615;11.2568;11.1937
1;0;1;1;-1.985760326;10.7917;10.257
0;1;0;1;-1.680102021;10.9397;10.4342
0;1;1;1;-1.826395283;10.9882;10.5335
0;1;1;1;-1.273397885;10.7225;10.4474
0;0;1;1;1.118098351;10.8107;10.4838
0;1;0;1;1.178118848;10.9032;10.6014
0;0;0;1;-0.985175647;10.632;10.0856
0;0;0;1;1.031412718;10.8836;10.4511
0;1;0;1;0.969777528;11.2332;10.889
0;0;0;1;-2.068793416;10.7495;10.4639
0;0;0;1;0.272736504;10.6758;10.5828
1;0;1;1;-0.377723365;10.8881;10.6879
0;1;0;1;-1.195718622;10.8165;10.6338
0;0;0;1;1.178118848;10.8616;10.7319
0;0;1;1;0.780132497;10.8006;10.9138
0;0;0;1;0.859367559;10.7284;10.5834
0;1;1;1;-0.381375908;10.7699;10.5815
0;1;0;1;1.143148795;10.8813;10.8283
1;0;1;1;-1.636125598;10.9527;10.3037
0;1;0;1;1.288240232;10.9481;10.3357
0;1;0;1;0.350203982;11.053;10.4472
0;1;0;1;0.590151397;10.9054;10.5172
0;1;0;1;0.453076291;10.9689;10.6793
0;1;0;1;1.238139345;10.964;10.7345
0;0;0;1;-0.205966791;10.7324;10.4003
0;0;0;1;1.178118848;10.8287;10.3945
0;1;0;1;-0.542942606;10.8446;10.6405
0;1;0;1;1.273109398;10.9422;10.165
0;0;1;1;0.369129961;10.8191;10.2495
0;0;0;1;1.153068404;10.9059;10.4649
0;0;1;1;0.936133583;10.6974;11.3672
0;1;0;1;1.168199239;10.7334;11.1837
0;0;0;1;0.865492023;10.7334;11.2013
0;0;1;1;0.843180883;10.6135;11.2705
0;0;0;1;-0.964777576;10.6311;11.2899
0;1;0;1;0.876113086;10.6444;11.3685
0;1;0;1;1.143148795;11.0644;11.1167
0;1;0;1;0.843180883;10.9758;11.2876
0;0;0;1;0.936133583;10.9322;11.1831
0;0;0;1;1.238139345;10.6518;11.3473
0;1;1;1;0.404100014;10.5532;11.3203
0;0;0;1;0.971103636;10.593;11.2037
0;1;1;1;-1.074976175;10.7478;11.1326
0;0;0;1;-1.462754331;10.6725;11.1422
1;0;0;1;-0.930720763;10.6667;11.1949
0;0;1;1;0.42669974;10.9207;11.083
0;0;0;1;0.90116353;10.7789;11.0993
0;1;0;1;-0.859656046;10.81;11.1917
1;1;1;1;-1.430023624;10.711;11.0717
0;1;1;1;-0.415019854;10.6639;11.27
0;1;0;1;0.946053192;10.7258;11.2602
0;1;1;1;-0.965690816;10.6155;11.1784
0;1;0;1;1.188038457;10.7012;11.1395
0;0;0;1;1.213088901;10.7556;11.0562
0;0;0;1;0.961184026;10.7507;11.0683
0;0;0;1;-0.533022997;10.7048;11.0837
0;1;0;1;-0.639836435;10.8421;11.0677
0;0;0;1;0.357672873;10.6106;10.9755
1;0;1;1;-0.449989907;10.6681;11.1342
0;0;1;1;0.660091503;10.6993;11.0409
0;0;0;1;0.911083139;10.8172;11.0509
1;0;1;1;0.093087882;10.7874;10.9961
1;0;1;1;-0.014995652;10.7592;11.1877
0;1;0;1;0.971103636;10.8448;10.9628
0;0;0;1;-0.049965705;10.76;11.0401
0;0;1;1;0.874498393;10.7428;11.2013
1;0;1;1;-0.498052944;10.4896;11.2915
1;1;1;1;-0.74904458;10.446;11.367
0;1;0;1;1.228219735;10.4889;11.4773
0;0;0;1;1.188038457;10.5313;11.036
0;0;0;1;-0.291950971;10.4273;11.0782
0;0;0;1;0.068037438;10.3116;11.229
0;1;0;1;1.178118848;10.7185;11.1839
0;1;0;1;1.193249682;10.5469;11.2986
0;0;0;1;-1.155047262;10.6207;11.2926
0;0;1;1;0.033067385;10.2966;11.0324
0;0;0;1;-0.378636604;10.6619;11.0622
0;0;0;1;0.911083139;10.723;11.218
0;1;1;1;-0.209619334;10.8148;11.0712
0;0;0;1;0.936133583;10.725;11.0889
0;1;0;1;-1.136611364;10.7454;11.3079
0;0;1;1;-0.991029845;10.4205;10.9927
1;1;1;1;-2.015751729;10.4104;11.1053
0;1;1;1;-0.743690752;10.5493;11.2651
1;0;1;1;0.666157073;10.6092;11.1889
1;1;1;1;-0.517037818;10.786;11.21
0;0;1;1;-1.144003041;10.7205;11.2668
0;0;0;1;0.516124677;10.4952;11.1154
0;1;0;0;1.238139345;10.4426;11.1561
0;0;1;0;0.90116353;10.4366;11.4311
0;1;0;0;0.379049571;10.4621;11.0462
0;1;1;0;0.63504106;10.5252;11.1433
0;0;0;0;1.263189788;10.6221;11.1799
1;0;1;0;-0.625975697;10.8196;10.602
1;0;1;0;0.600071007;11.0627;10.907
1;1;1;0;1.153068404;11.0627;10.907
0;1;0;0;1.213088901;10.4267;10.5039
0;1;0;0;1.238139345;10.6356;10.5766
0;1;0;0;0.661216114;10.9838;10.6732
0;1;0;1;1.168199239;10.7317;10.6248
0;0;0;1;-0.192873807;10.9723;10.6804
0;1;1;1;0.445194531;10.9925;10.7647
1;0;0;1;-1.445095564;9.6292;10.7392
0;1;0;1;1.263189788;10.6222;10.4756
0;1;0;1;-1.137735975;10.7254;10.7026
1;1;1;1;-0.653765444;10.6102;10.6078
1;1;1;1;-0.416345961;10.6518;10.7043
0;1;0;1;1.131614493;10.7452;10.844
1;0;1;1;-0.035959482;10.8725;10.6348
0;1;0;1;0.410224478;11.0184;10.8509
0;1;0;1;1.168199239;11.0665;10.8761
1;1;1;1;-1.234341218;10.5719;10.2047
0;1;1;1;0.63504106;10.822;10.4406
0;0;0;1;1.223008511;10.8596;10.6405
0;0;0;1;0.62512145;10.8016;10.4887
0;0;0;1;1.143148795;10.9519;10.4604
1;0;1;1;-1.549439964;11.024;10.6098
0;1;0;1;-0.542942606;10.8118;10.3708
0;0;0;1;1.168199239;10.8797;10.6839
0;1;0;1;1.193249682;11.0273;10.8209
0;0;0;1;-1.921875915;10.9695;10.266
0;1;0;1;-0.582266656;11.1641;10.4401
0;1;0;1;-1.566828465;11.1169;10.711
0;0;0;1;-1.611075154;10.9848;10.6823
0;1;1;1;-0.528936383;11.1491;10.7843
0;0;1;1;0.660091503;11.2568;11.1937
0;0;0;1;-0.210532573;10.7917;10.257
0;0;1;1;-0.113927331;10.9397;10.4342
0;1;0;1;0.041372302;10.9882;10.5335
0;1;0;1;1.118098351;10.7225;10.4474
0;1;0;1;1.238139345;10.8107;10.4838
0;0;0;1;0.685141947;10.9032;10.6014
1;1;1;1;-1.144003041;10.632;10.0856
0;0;1;1;0.409099868;10.8836;10.4511
0;1;0;1;0.685141947;11.2332;10.889
0;0;1;1;0.058117829;10.7495;10.4639
1;1;1;1;-0.329660327;10.6758;10.5828
0;1;0;1;1.203169292;10.8881;10.6879
0;0;0;1;0.936133583;10.8165;10.6338
1;1;1;1;-2.229034008;10.8616;10.7319
0;1;0;1;0.177034211;10.8006;10.9138
0;0;0;1;0.961184026;10.7284;10.5834
0;1;0;1;0.395093644;10.7699;10.5815
0;1;1;1;0.971103636;10.8813;10.8283
0;0;0;1;-0.791896392;10.9527;10.3037
0;1;0;1;1.143148795;10.9481;10.3357
1;1;1;1;-1.411038751;11.053;10.4472
0;1;0;1;0.341340214;10.9054;10.5172
0;1;1;1;0.704067926;10.9689;10.6793
0;1;1;1;0.961184026;10.964;10.7345
0;0;0;1;0.569319256;10.7324;10.4003
0;0;0;1;0.828050049;10.6974;11.3672
0;1;0;1;1.228219735;10.7334;11.1837
0;1;0;1;1.178118848;10.7334;11.2013
0;1;1;1;1.188038457;10.6135;11.2705
0;0;0;1;-0.12384694;10.6311;11.2899
1;0;1;1;-2.047069239;10.6444;11.3685
0;0;0;1;1.238139345;11.0644;11.1167
0;1;0;1;-1.706354289;10.9758;11.2876
1;0;1;1;-0.39693793;10.9322;11.1831
1;1;1;1;-1.652110777;10.6518;11.3473
0;1;0;1;1.178118848;10.5532;11.3203
0;1;1;1;-0.62962824;10.593;11.2037
0;1;0;1;1.118098351;10.7478;11.1326
1;1;1;1;-1.876927358;10.6725;11.1422
0;1;0;1;1.143148795;10.6667;11.1949
0;0;0;1;0.588536704;10.9207;11.083
1;1;1;1;-2.025671338;10.7789;11.0993
0;1;0;1;0.902076769;10.81;11.1917
1;0;1;1;-0.193998418;10.711;11.0717
0;0;0;1;1.118098351;10.6639;11.27
0;0;0;1;0.770212887;10.7258;11.2602
0;1;0;1;0.892157159;10.6155;11.1784
1;0;0;1;-0.338666698;10.7012;11.1395
0;0;0;1;1.188038457;10.7556;11.0562
0;1;0;1;-0.507972553;10.7507;11.0683
0;1;0;1;0.936133583;10.7048;11.0837
0;1;0;1;1.168199239;10.8421;11.0677
0;1;0;1;1.288240232;10.6106;10.9755
0;0;0;1;-0.024915261;10.6681;11.1342
0;1;0;1;0.057416375;10.6993;11.0409
0;0;0;1;0.289058874;10.8172;11.0509
1;0;1;1;-0.049965705;10.7874;10.9961
0;0;0;1;0.349079371;10.7592;11.1877
0;0;0;1;1.118098351;10.8448;10.9628
1;0;1;1;-0.241850083;10.76;11.0401
1;0;1;1;-0.401649198;10.7428;11.2013
0;0;1;1;0.265133041;10.4896;11.2915
0;0;0;1;1.143148795;10.446;11.367
0;1;0;1;1.143148795;10.4889;11.4773
1;1;1;1;1.223008511;10.5313;11.036
1;1;1;1;-2.087306528;10.4273;11.0782
1;1;1;1;-1.33588742;10.3116;11.229
1;0;1;1;-1.953404796;10.7185;11.1839
0;1;0;1;1.118098351;10.5469;11.2986
0;1;1;1;-1.73879641;10.6207;11.2926
0;0;0;1;0.90116353;10.2966;11.0324
0;1;0;1;-2.342384778;10.6619;11.0622
0;1;1;1;-1.078628718;10.723;11.218
0;0;1;1;0.248387514;10.8148;11.0712
0;0;1;1;-0.646373767;10.725;11.0889
0;0;0;1;0.25465458;10.7454;11.3079
0;0;0;1;0.579182854;10.4205;10.9927
0;0;0;1;0.60676123;10.4104;11.1053
1;1;1;1;-1.843995155;10.5493;11.2651
0;0;0;1;0.335073147;10.6092;11.1889
0;0;1;1;-0.48404672;10.786;11.21
0;0;0;1;1.248058954;10.7205;11.2668
0;0;0;1;0.635954299;10.4952;11.1154
1;0;1;1;-0.812005876;10.4426;11.1561
0;0;0;1;0.884418002;10.4366;11.4311
0;0;0;1;0.695061556;10.4621;11.0462
0;1;0;1;0.849447949;10.5252;11.1433
0;0;0;1;1.083128298;10.6221;11.1799
0;0;0;1;0.293277177;10.8196;10.602
0;0;0;1;-0.775008262;11.0627;10.907
0;1;0;1;0.961184026;11.0627;10.907
0;1;0;1;-0.795548935;10.4267;10.5039
0;1;0;1;1.143148795;10.6356;10.5766
0;1;0;1;0.033067385;10.9838;10.6732
0;0;1;1;0.617239691;10.7317;10.6248
0;0;0;1;-0.620621869;10.9723;10.6804
0;0;0;1;0.151983768;10.9925;10.7647
0;0;1;1;-1.239341071;9.6292;10.7392
0;0;1;1;0.717872654;10.6222;10.4756
0;1;0;1;0.926213973;10.7254;10.7026
1;0;1;1;0.091761775;10.6102;10.6078
0;1;0;1;-0.184780676;10.6518;10.7043
0;1;0;1;1.203169292;10.7452;10.844
0;0;0;1;0.529429447;10.8725;10.6348
0;1;0;1;-1.569279183;11.0184;10.8509
0;0;0;1;0.959857919;11.0665;10.8761
1;1;1;1;-2.289054504;10.5719;10.2047
0;1;0;1;0.616326452;10.822;10.4406
0;0;1;1;1.143148795;10.8596;10.6405
0;1;1;1;-2.254084451;10.8016;10.4887
0;0;0;1;-1.708805008;10.9519;10.4604
0;1;0;1;1.298159842;11.024;10.6098
0;1;0;1;-0.804978462;10.8118;10.3708
0;1;0;1;-0.866672546;10.8797;10.6839
1;0;0;1;-0.486574653;11.0273;10.8209
0;0;0;1;1.143148795;10.9695;10.266
0;1;0;1;0.056503136;11.1641;10.4401
1;0;0;1;-0.812717619;11.1169;10.711
0;0;0;1;-0.507972553;10.9848;10.6823
0;1;0;1;0.065298134;11.1491;10.7843
0;1;1;1;0.951264417;11.2568;11.1937
0;0;1;1;1.193249682;10.7917;10.257
0;0;1;1;-0.51571171;10.9397;10.4342
0;1;0;1;0.068037438;10.9882;10.5335
0;0;0;1;1.118098351;10.7225;10.4474
1;0;0;1;-1.497724384;10.8107;10.4838
1;1;1;1;-0.949935328;10.9032;10.6014
0;0;0;1;0.128057935;10.632;10.0856
0;1;1;1;0.168239213;10.8836;10.4511
0;1;0;1;1.178118848;11.2332;10.889
0;0;0;1;0.384049424;10.7495;10.4639
0;0;0;1;0.344079518;10.6758;10.5828
0;1;0;1;-1.412653444;10.8881;10.6879
0;0;0;1;0.936133583;10.8165;10.6338
1;1;1;1;-0.991029845;10.8616;10.7319
0;1;1;1;-0.519016774;10.8006;10.9138
0;0;0;1;-1.026913137;10.7284;10.5834
0;1;0;1;-0.533936236;10.7699;10.5815
1;0;1;1;-0.001902668;10.8813;10.8283
0;0;0;1;-0.542942606;10.9527;10.3037
0;0;0;1;1.228219735;10.9481;10.3357
0;0;0;1;1.273109398;11.053;10.4472
1;1;0;1;-2.402405274;10.9054;10.5172
1;1;1;1;0.807086219;10.9689;10.6793
0;1;0;1;-0.855714917;10.964;10.7345
0;1;0;1;0.998191929;10.7324;10.4003
1;1;1;1;-1.302955217;10.8287;10.3945
0;1;1;1;1.178118848;10.8446;10.6405
1;0;0;1;-2.367435221;10.9422;10.165
0;1;1;1;1.178118848;10.8191;10.2495
1;0;1;1;-0.787667176;10.9059;10.4649
0;1;0;1;1.118098351;10.6974;11.3672
0;0;0;0;-0.749957819;10.7334;11.1837
0;0;0;0;1.178118848;10.7334;11.2013
0;0;0;0;1.178118848;10.6135;11.2705
1;0;1;0;0.024061015;10.6311;11.2899
0;1;0;0;-0.49396633;10.6444;11.3685
0;0;0;0;-1.016080289;11.0644;11.1167
0;1;0;0;1.238139345;10.9758;11.2876
0;0;0;0;1.248058954;10.9322;11.1831
1;1;1;1;-1.736057106;10.6518;11.3473
0;1;0;1;0.600071007;10.5532;11.3203
0;1;1;1;-1.025999898;10.593;11.2037
0;0;1;1;-0.326007784;10.7478;11.1326
0;1;0;1;1.213088901;10.6725;11.1422
0;0;0;1;-0.919040975;10.6667;11.1949
1;1;1;1;-1.129996818;10.9207;11.083
0;0;1;0;1.248058954;10.7789;11.0993
0;0;1;0;1.153068404;10.81;11.1917
0;0;0;0;0.981023245;10.711;11.0717
0;1;1;0;-1.362552556;10.6639;11.27
0;1;1;0;0.335073147;10.7258;11.2602
0;1;0;0;1.203169292;10.6155;11.1784
0;0;0;0;0.971103636;10.7012;11.1395
1;0;1;0;-1.497724384;10.7556;11.0562
0;1;0;1;1.298159842;10.7507;11.0683
0;0;0;1;1.248058954;10.7048;11.0837
0;0;0;0;0.911083139;10.8421;11.0677
0;0;0;0;-0.208004641;10.6106;10.9755
1;1;1;0;-1.342011884;10.6681;11.1342
1;1;1;0;-1.069976321;10.6993;11.0409
0;1;0;0;0.404100014;10.8172;11.0509
0;1;0;0;0.418106238;10.7874;10.9961
0;0;0;0;0.3700432;10.7592;11.1877
0;1;0;0;0.005489009;10.8448;10.9628
0;1;0;0;-0.182954197;10.76;11.0401
0;0;0;0;1.178118848;10.7428;11.2013
0;1;1;0;0.90116353;10.4896;11.2915
1;1;1;0;-1.593003519;10.446;11.367
0;1;0;0;0.058117829;10.4889;11.4773
0;1;0;0;0.936133583;10.5313;11.036
0;1;0;1;1.188038457;10.4273;11.0782
0;0;0;1;-0.645960899;10.3116;11.229
0;0;0;1;-0.776622955;10.7185;11.1839
0;0;1;1;-0.266900527;10.5469;11.2986
0;0;0;1;1.238139345;10.6207;11.2926
1;0;1;1;-0.726031986;10.2966;11.0324
0;0;0;1;0.63504106;10.6619;11.0622
0;0;0;1;0.059031068;10.723;11.218
0;1;0;1;0.611115227;10.8148;11.0712
0;0;0;1;0.031452692;10.725;11.0889
1;1;1;1;-1.109946228;10.7454;11.3079
0;0;1;1;0.936133583;10.4205;10.9927
1;0;1;1;-0.818984686;10.4104;11.1053
1;0;1;1;-0.49396633;10.5493;11.2651
1;0;1;1;-0.542942606;10.6092;11.1889
0;1;0;1;0.63504106;10.786;11.21
0;1;0;1;-0.168947974;10.7205;11.2668
0;0;0;1;-0.173947827;10.4952;11.1154
1;1;1;1;-1.714659206;10.4426;11.1561
0;0;0;1;-0.759877428;10.4366;11.4311
1;0;1;1;-0.844948369;10.4621;11.0462
1;1;1;1;-0.655591922;10.5252;11.1433
0;0;1;1;-1.516709258;10.6221;11.1799
0;1;1;1;-1.046332082;10.8196;10.602
0;0;0;1;-2.264004061;11.0627;10.907
0;0;0;1;-1.412653444;11.0627;10.907
1;0;1;1;0.339159761;10.4267;10.5039
1;1;0;1;-1.134996671;10.6356;10.5766
0;0;0;1;-0.269639831;10.9838;10.6732
0;1;0;1;1.263189788;10.7317;10.6248
0;0;0;1;-0.507972553;10.9723;10.6804
0;1;0;1;1.263189788;10.9925;10.7647
0;0;0;1;0.849447949;9.6292;10.7392
0;0;0;1;-1.178973094;10.6222;10.4756
0;0;0;1;-0.749957819;10.7254;10.7026
0;0;0;1;1.153068404;10.6102;10.6078
0;0;0;1;0.661004742;10.6518;10.7043
0;0;0;1;1.223008511;10.7452;10.844
0;0;1;1;0.961184026;10.8725;10.6348
0;0;0;1;1.213088901;11.0184;10.8509
0;1;0;1;1.238139345;11.0665;10.8761
0;0;0;1;0.971103636;10.5719;10.2047
0;0;1;1;0.404100014;10.822;10.4406
0;1;0;1;0.310022704;10.8596;10.6405
0;1;0;1;1.178118848;10.8016;10.4887
0;1;0;1;1.223008511;10.9519;10.4604
0;0;0;1;-0.742566142;11.024;10.6098
0;1;0;1;-0.944994369;10.8118;10.3708
0;0;0;1;-0.291950971;10.8797;10.6839
1;1;1;1;-0.568906289;11.0273;10.8209
0;0;1;1;0.600071007;10.9695;10.266
0;0;0;1;0.334159908;11.1641;10.4401
0;0;0;1;0.63412782;11.1169;10.711
0;1;0;1;0.866193477;10.9848;10.6823
0;1;1;1;-0.788580415;11.1491;10.7843
0;1;1;1;-0.749957819;11.2568;11.1937
0;0;0;1;-0.511625096;10.7917;10.257
1;0;1;1;-1.026913137;10.9397;10.4342
0;0;0;1;-1.411038751;10.9882;10.5335
0;0;0;1;1.143148795;10.7225;10.4474
0;0;1;1;0.842056272;10.8107;10.4838
0;0;1;1;1.083128298;10.9032;10.6014
1;1;1;1;-1.196631861;10.632;10.0856
0;0;0;1;0.240082598;10.8836;10.4511
1;1;0;1;-2.18885273;11.2332;10.889
1;1;1;1;-1.877840597;10.7495;10.4639
0;0;0;1;-1.413778054;10.6758;10.5828
1;0;1;1;-2.264004061;10.8881;10.6879
0;1;1;1;-1.103679161;10.8165;10.6338
0;0;0;1;1.203169292;10.8616;10.7319
0;0;0;1;0.600071007;10.8006;10.9138
0;0;1;1;0.946053192;10.7284;10.5834
0;0;0;1;1.213088901;10.7699;10.5815
1;1;0;1;0.033067385;10.8813;10.8283
0;0;0;1;1.228219735;10.9527;10.3037
0;0;0;1;1.188038457;10.9481;10.3357
0;0;0;1;0.286096871;11.053;10.4472
1;0;1;1;-0.844035129;10.9054;10.5172
0;1;1;1;0.068037438;10.9689;10.6793
1;0;1;1;0.62512145;10.964;10.7345
0;0;0;1;1.238139345;10.7324;10.4003
0;1;0;1;-1.351018254;10.8287;10.3945
1;0;1;1;-1.918021875;10.8446;10.6405
0;0;0;1;1.178118848;10.9422;10.165
0;0;0;1;1.223008511;10.8191;10.2495
0;0;0;1;1.213088901;10.9059;10.4649
0;1;1;1;0.153108379;10.6974;11.3672
0;1;0;1;1.288240232;10.7334;11.1837
0;0;0;1;-0.647287006;10.7334;11.2013
0;0;0;1;-0.844948369;10.6135;11.2705
0;1;0;1;-0.61970863;10.6311;11.2899
0;1;0;1;0.63504106;10.6444;11.3685
0;1;0;1;0.335073147;11.0644;11.1167
1;1;1;1;0.201171416;10.9758;11.2876
1;0;1;1;-1.204023538;10.9322;11.1831
1;1;1;0;-0.291950971;10.6518;11.3473
1;1;1;0;-1.627060333;10.5532;11.3203
0;1;0;0;0.464120511;10.593;11.2037
0;1;0;0;0.359210352;10.7478;11.1326
0;1;0;0;-0.242974694;10.6725;11.1422
0;1;0;0;0.153108379;10.6667;11.1949
0;1;0;0;-0.811593008;10.9207;11.083
0;0;0;0;-0.211657184;10.7789;11.0993
0;1;0;0;0.202084655;10.81;11.1917
1;0;1;0;0.118138326;10.711;11.0717
0;0;1;0;0.393055794;10.6639;11.27
0;1;1;0;0.201171416;10.7258;11.2602
0;0;0;0;0.911996378;10.6155;11.1784
0;1;0;1;-1.92708714;10.7012;11.1395
0;1;1;1;-0.192019462;10.7556;11.0562
1;1;1;1;-0.878091943;10.7507;11.0683
1;1;1;1;-1.107744572;10.7048;11.0837
0;1;1;1;-0.723782764;10.8421;11.0677
0;0;1;1;0.068950677;10.6106;10.9755
0;0;0;1;1.213088901;10.6681;11.1342
0;1;0;1;0.849447949;10.6993;11.0409
0;0;1;1;-0.220886254;10.8172;11.0509
0;1;0;1;1.263189788;10.7874;10.9961
0;0;0;1;0.275052651;10.7592;11.1877
1;0;1;1;-1.685956219;10.8448;10.9628
0;1;1;1;0.90116353;10.76;11.0401
1;1;0;1;0.937046822;10.7428;11.2013
0;0;0;1;0.391441101;10.4896;11.2915
0;1;0;1;-0.147984144;10.446;11.367
0;0;0;1;1.223008511;10.4889;11.4773
0;0;1;1;-0.623361173;10.5313;11.036
0;1;0;1;1.248058954;10.4273;11.0782
0;0;0;1;-0.689648736;10.3116;11.229
0;0;1;1;0.876113086;10.7185;11.1839
0;0;0;1;1.178118848;10.5469;11.2986
1;1;1;1;-2.505836435;10.6207;11.2926
0;0;0;1;1.213088901;10.2966;11.0324
0;1;0;1;0.704981166;10.6619;11.0622
1;1;1;1;1.118098351;10.723;11.218
0;1;0;1;0.167114602;10.8148;11.0712
0;0;0;1;0.971103636;10.725;11.0889
0;1;0;1;0.608375923;10.7454;11.3079
0;0;0;1;0.360123591;10.4205;10.9927
1;0;1;1;-0.148897384;10.4104;11.1053
0;1;0;1;1.108178742;10.5493;11.2651
0;0;0;1;-1.016080289;10.6092;11.1889
0;0;0;1;1.108178742;10.786;11.21
0;1;0;1;-0.633280783;10.7205;11.2668
0;0;0;1;0.976314861;10.4952;11.1154
1;0;1;1;0.453076291;10.4426;11.1561
0;0;1;1;0.297363791;10.4366;11.4311
0;1;1;1;0.061444095;10.4621;11.0462
1;1;1;1;0.902076769;10.5252;11.1433
0;1;0;1;1.178118848;10.6221;11.1799
0;0;0;1;1.114868965;10.8196;10.602
0;1;0;1;0.976467752;11.0627;10.907
0;0;0;1;-0.716313873;11.0627;10.907
0;0;0;1;0.63504106;10.4267;10.5039
0;0;0;1;1.178118848;10.6356;10.5766
0;1;0;1;-0.509587246;10.9838;10.6732
0;0;0;1;1.116483658;10.7317;10.6248
0;0;0;1;-1.134996671;10.9723;10.6804
0;0;0;1;1.323210285;10.9925;10.7647
1;0;1;1;0.300103094;9.6292;10.7392
1;1;1;1;-1.149002895;10.6222;10.4756
0;1;1;1;-1.040006122;10.7254;10.7026
0;1;0;1;1.248058954;10.6102;10.6078
0;1;0;1;1.228219735;10.6518;10.7043
0;1;1;1;-0.740951449;10.7452;10.844
0;1;0;0;-0.004719186;10.8725;10.6348
0;0;0;1;0.909468446;11.0184;10.8509
0;1;1;1;-0.635895306;11.0665;10.8761
0;1;0;1;0.927127212;10.5719;10.2047
0;0;0;1;-1.144916281;10.822;10.4406
0;1;1;1;-0.98581862;10.8596;10.6405
0;1;0;1;1.116483658;10.8016;10.4887
0;0;0;1;-0.674806488;10.9519;10.4604
1;1;1;1;-0.694915972;11.024;10.6098
0;1;1;1;-0.811593008;10.8118;10.3708
0;1;0;1;1.228219735;10.8797;10.6839
1;0;1;1;-0.930720763;11.0273;10.8209
0;1;0;1;0.90116353;10.9695;10.266
0;0;1;1;-0.699856931;11.1641;10.4401
0;1;1;1;-0.535550929;11.1169;10.711
0;0;1;1;0.704067926;10.9848;10.6823
0;1;1;1;1.203169292;11.1491;10.7843
0;1;0;1;-0.625830211;11.2568;11.1937
0;0;0;1;1.238139345;10.7917;10.257
0;0;1;1;1.273109398;10.9397;10.4342
1;1;1;1;0.203209266;10.9882;10.5335
0;0;0;1;-0.708863302;10.7225;10.4474
0;1;0;1;1.178118848;10.8107;10.4838
0;0;1;1;0.971103636;10.9032;10.6014
0;1;0;1;-0.192873807;10.632;10.0856
0;1;0;1;-0.552862216;10.8836;10.4511
0;0;0;1;1.223008511;11.2332;10.889
1;0;1;1;-0.507972553;10.7495;10.4639
0;0;0;1;0.89124392;10.6758;10.5828
1;0;1;1;-0.228545314;10.8881;10.6879
0;1;0;1;1.203169292;10.8165;10.6338
0;0;0;1;1.178118848;10.8616;10.7319
0;1;0;1;1.203169292;10.8006;10.9138
0;0;1;1;-0.703509474;10.7284;10.5834
0;0;0;1;0.62512145;10.7699;10.5815
0;0;0;1;1.168199239;10.8813;10.8283
1;1;1;1;-1.06188319;10.9527;10.3037
1;0;1;1;-0.590630467;10.9481;10.3357
0;0;0;1;1.046254967;11.053;10.4472
0;0;0;1;-0.308696498;10.9054;10.5172
0;1;0;1;0.083168273;10.9689;10.6793
0;1;0;1;0.164152599;10.964;10.7345
0;1;0;1;-0.255856307;10.7324;10.4003
0;0;0;1;0.57340587;10.8287;10.3945
0;0;0;1;-0.414308111;10.8446;10.6405
0;0;1;1;1.116483658;10.9422;10.165
1;0;1;1;0.084081512;10.8191;10.2495
0;0;1;1;-0.424939463;10.9059;10.4649
0;0;0;1;0.961184026;10.6974;11.3672
1;1;1;1;-0.196960421;10.7334;11.1837
0;0;1;1;-0.242974694;10.7334;11.2013
0;1;1;1;0.334159908;10.6135;11.2705
0;1;0;1;1.178118848;10.6311;11.2899
1;0;1;1;-1.337012031;10.6444;11.3685
0;1;1;1;0.911083139;11.0644;11.1167
0;0;1;1;0.936133583;10.9758;11.2876
1;1;1;1;-1.040006122;10.9322;11.1831
0;1;0;1;-0.749957819;10.6518;11.3473
0;1;1;1;-0.991029845;10.5532;11.3203
1;1;1;1;-0.809065076;10.593;11.2037
0;1;0;1;-0.171909977;10.7478;11.1326
0;1;0;1;0.643345976;10.6725;11.1422
0;0;1;1;-0.192873807;10.6667;11.1949
0;1;1;1;0.055378525;10.9207;11.083
1;0;1;1;-1.860452097;10.7789;11.0993
1;1;1;1;-1.773766463;10.81;11.1917
0;1;1;1;-0.694915972;10.711;11.0717
0;1;1;1;0.841143033;10.6639;11.27
0;0;0;1;-0.401649198;10.7258;11.2602
1;0;1;1;-1.349893643;10.6155;11.1784
0;1;0;1;1.178118848;10.7012;11.1395
0;0;0;1;1.193249682;10.7556;11.0562
0;1;1;1;-0.904545708;10.7507;11.0683
0;0;1;1;0.83952834;10.7048;11.0837
1;0;1;1;-1.446008804;10.8421;11.0677
0;1;1;1;-0.620621869;10.6106;10.9755
0;1;0;1;-0.221576794;10.6681;11.1342
0;1;0;1;-1.693695376;10.6993;11.0409
0;1;0;1;0.874498393;10.8172;11.0509
0;0;0;1;1.238139345;10.7874;10.9961
0;1;1;1;0.936133583;10.7592;11.1877
0;0;0;1;0.936133583;10.8448;10.9628
0;0;0;1;0.360123591;10.76;11.0401
0;0;0;1;1.178118848;10.7428;11.2013
0;1;1;1;0.035105235;10.4896;11.2915
0;0;0;1;1.178118848;10.446;11.367
0;0;0;1;-2.250758185;10.4889;11.4773
0;0;0;1;-0.48404672;10.5313;11.036
0;0;1;1;-1.049925731;10.4273;11.0782
0;0;0;1;1.133229186;10.3116;11.229
1;0;1;1;0.668685005;10.7185;11.1839
0;0;0;1;-2.275808629;10.5469;11.2986
0;0;0;1;1.108178742;10.6207;11.2926
0;0;1;1;0.936133583;10.2966;11.0324
0;1;0;1;1.273109398;10.6619;11.0622
0;0;0;1;-0.089289755;10.723;11.218
0;1;0;1;0.946053192;10.8148;11.0712
0;1;1;1;-1.434964583;10.725;11.0889
0;0;0;1;1.323210285;10.7454;11.3079
1;1;1;1;-1.593003519;10.4205;10.9927
0;1;0;1;0.041372302;10.4104;11.1053
0;1;0;1;1.323210285;10.5493;11.2651
0;1;1;1;-0.74904458;10.6092;11.1889
1;1;1;1;-1.290709171;10.786;11.21
1;1;1;1;0.842056272;10.7205;11.2668
0;0;0;1;0.804558287;10.4952;11.1154
0;1;0;1;-0.924242325;10.4426;11.1561
0;1;0;1;-1.89542215;10.4366;11.4311
0;1;1;1;0.335073147;10.4621;11.0462
1;1;1;1;-2.187085145;10.5252;11.1433
0;0;0;1;0.324028927;10.6221;11.1799
0;1;0;1;0.63412782;10.8196;10.602
0;0;0;1;1.178118848;11.0627;10.907
0;1;0;1;1.213088901;11.0627;10.907
1;0;1;1;-1.174320721;10.4267;10.5039
0;0;0;1;-0.378636604;10.6356;10.5766
1;0;1;1;1.083128298;10.9838;10.6732
1;1;0;0;1.218300126;10.7317;10.6248
1;0;1;0;-1.169053485;10.9723;10.6804
0;0;0;1;0.90116353;10.9925;10.7647
0;1;1;1;0.093087882;9.6292;10.7392
0;1;0;1;0.344079518;10.6222;10.4756
1;0;0;1;-0.473915739;10.7254;10.7026
0;1;0;1;-0.640961046;10.6102;10.6078
1;0;0;1;-0.286951117;10.6518;10.7043
0;1;0;1;1.083128298;10.7452;10.844
0;1;1;1;0.841143033;10.8725;10.6348
1;0;1;1;0.058117829;11.0184;10.8509
0;1;0;1;-0.449989907;11.0665;10.8761
1;0;1;1;0.428025847;10.5719;10.2047
1;0;1;0;-1.67603661;10.822;10.4406
0;1;0;0;-0.836643452;10.8596;10.6405
0;0;0;0;0.576145174;10.8016;10.4887
0;0;0;0;0.487133105;10.9519;10.4604
0;0;1;0;-0.594658187;11.024;10.6098
0;0;0;1;1.178118848;10.8118;10.3708
0;0;1;0;0.600071007;10.8797;10.6839
0;1;0;1;1.083128298;11.0273;10.8209
0;0;0;1;-1.485766925;10.9695;10.266
1;0;1;1;-0.393621953;11.1641;10.4401
0;1;0;1;1.203169292;11.1169;10.711
1;0;1;1;-1.497724384;10.9848;10.6823
1;0;1;1;-0.48495996;11.1491;10.7843
1;1;1;1;-0.283646054;11.2568;11.1937
0;1;0;1;-0.266900527;10.7917;10.257
0;1;0;1;-0.148897384;10.9397;10.4342
0;1;0;1;0.981023245;10.9882;10.5335
0;1;1;1;0.681055333;10.7225;10.4474
1;0;1;1;-0.92706822;10.8107;10.4838
0;1;1;1;-1.256652358;10.9032;10.6014
0;1;0;1;0.586064783;10.632;10.0856
0;0;1;1;-0.014995652;10.8836;10.4511
1;1;1;1;-0.832990909;11.2332;10.889
1;0;1;1;0.626034689;10.7495;10.4639
1;0;1;1;0.877026325;10.6758;10.5828
0;1;0;0;0.052850593;10.8881;10.6879
0;0;0;0;0.395093644;10.8165;10.6338
0;0;0;0;0.62512145;10.8616;10.7319
0;0;0;0;0.102094252;10.8006;10.9138
0;1;0;0;0.695061556;10.7284;10.5834
0;1;0;0;1.238139345;10.7699;10.5815
0;0;1;0;0.548355426;10.8813;10.8283
0;1;1;0;0.049111459;10.9527;10.3037
0;0;0;0;-0.20891788;10.9481;10.3357
0;1;0;1;-0.173034588;11.053;10.4472
1;0;1;1;-0.59831073;10.9054;10.5172
0;1;0;1;1.118098351;10.9689;10.6793
0;1;0;0;0.047073609;10.964;10.7345
0;0;0;0;-0.064951054;10.7324;10.4003
1;0;1;0;0.058117829;10.6974;11.3672
0;0;1;0;1.046543552;10.7334;11.1837
1;1;1;1;-1.501789795;10.7334;11.2013
1;1;1;1;-1.060969951;10.6135;11.2705
1;0;1;1;0.611115227;10.6311;11.2899
1;1;1;1;0.082043662;10.6444;11.3685
0;0;1;1;0.006402249;11.0644;11.1167
0;0;0;1;0.248387514;10.9758;11.2876
0;0;0;1;1.031412718;10.9322;11.1831
1;1;0;1;-1.955731232;10.6518;11.3473
1;0;1;1;-0.21792425;10.5532;11.3203
0;1;0;1;-0.793934242;10.593;11.2037
0;1;0;1;0.4629959;10.7478;11.1326
0;0;0;1;-0.182954197;10.6725;11.1422
0;0;1;1;0.099212346;10.6667;11.1949
0;1;0;1;-0.20484218;10.9207;11.083
0;0;0;1;1.178118848;10.7789;11.0993
1;0;1;1;-0.867960962;10.81;11.1917
1;0;1;1;-0.122645115;10.711;11.0717
0;0;0;1;-0.818984686;10.6639;11.27
0;1;0;1;-1.731404733;10.7258;11.2602
1;0;0;1;-1.922087286;10.6155;11.1784
0;0;0;1;0.344992757;10.7012;11.1395
0;1;1;0;-0.196960421;10.7556;11.0562
0;1;0;0;0.98623447;10.7507;11.0683
0;0;0;1;-0.546595149;10.7048;11.0837
0;0;1;1;0.547153601;10.8421;11.0677
0;0;0;1;1.223008511;10.6106;10.9755
0;1;0;1;1.213088901;10.6681;11.1342
0;1;1;1;-1.434964583;10.6993;11.0409
0;1;0;1;-1.074976175;10.8172;11.0509
0;1;0;1;-0.207793269;10.7874;10.9961
0;0;0;1;-0.758589012;10.7592;11.1877
0;0;1;1;-0.958299138;10.8448;10.9628
0;1;0;1;0.789427453;10.76;11.0401
1;0;1;1;-0.54568191;10.7428;11.2013
0;0;1;1;-0.657417987;10.4896;11.2915
1;1;1;1;-2.600826985;10.446;11.367
0;1;1;0;-0.536252383;10.4889;11.4773
0;0;0;0;1.143148795;10.5313;11.036
0;1;1;0;0.373216575;10.4273;11.0782
0;1;0;0;-0.182954197;10.3116;11.229
0;0;0;0;1.143148795;10.7185;11.1839
0;0;0;1;0.841143033;10.5469;11.2986
0;1;0;1;1.228219735;10.6207;11.2926
1;0;1;1;-0.749957819;10.2966;11.0324
0;1;0;1;1.178118848;10.6619;11.0622
0;0;0;1;-1.063931954;10.723;11.218
0;1;1;1;-1.026913137;10.8148;11.0712
0;0;1;1;-0.531898386;10.725;11.0889
0;0;0;1;-0.724907375;10.7454;11.3079
0;0;0;1;-0.56799305;10.4205;10.9927
0;1;0;1;-0.816571659;10.4104;11.1053
0;0;0;1;1.193249682;10.5493;11.2651
0;1;0;1;1.273109398;10.6092;11.1889
0;0;0;1;0.936133583;10.786;11.21
0;0;0;1;1.273109398;10.7205;11.2668
1;0;1;1;0.876113086;10.4952;11.1154
0;0;1;1;0.90116353;10.4426;11.1561
0;0;0;1;-0.522892016;10.4366;11.4311
0;0;0;1;1.273109398;10.4621;11.0462
0;0;0;1;1.273109398;10.5252;11.1433
0;0;0;1;-0.147984144;10.6221;11.1799
0;1;0;1;-1.040006122;10.8196;10.602
0;0;0;1;-0.664886878;11.0627;10.907
0;1;1;1;0.033980624;11.0627;10.907
0;1;1;1;1.143148795;10.4267;10.5039
0;1;0;1;-0.12384694;10.6356;10.5766
1;0;1;1;0.892157159;10.9838;10.6732
0;0;0;1;-0.967305509;10.7317;10.6248
0;1;0;1;1.178118848;10.9723;10.6804
0;0;0;1;1.153068404;10.9925;10.7647
1;1;0;1;-0.449076667;9.6292;10.7392
1;0;0;1;-1.952991928;10.6222;10.4756
1;1;1;1;-0.028567804;10.7254;10.7026
1;0;1;1;-0.746995816;10.6102;10.6078
1;0;0;1;0.104132102;10.6518;10.7043
0;0;1;1;1.273109398;10.7452;10.844
0;1;1;1;-0.885619729;10.8725;10.6348
0;1;0;1;0.63616567;11.0184;10.8509
0;0;0;1;0.971103636;11.0665;10.8761
0;1;0;1;0.877026325;10.5719;10.2047
1;0;1;1;-0.4730025;10.822;10.4406
0;1;0;1;0.142064158;10.8596;10.6405
0;0;0;1;0.335073147;10.8016;10.4887
0;1;0;1;1.178118848;10.9519;10.4604
0;1;0;1;0.685141947;11.024;10.6098
1;1;1;1;-0.209619334;10.8118;10.3708
0;1;0;1;-1.088548327;10.8797;10.6839
0;1;1;1;-1.884377929;11.0273;10.8209
0;0;0;1;0.685141947;10.9695;10.266
0;0;0;1;0.600071007;11.1641;10.4401
0;0;0;1;0.452163052;11.1169;10.711
1;0;1;1;-0.486574653;10.9848;10.6823
0;0;0;1;-1.640632486;11.1491;10.7843
0;1;0;1;-1.086020395;11.2568;11.1937
1;1;1;1;-1.944398426;10.7917;10.257
0;0;1;1;0.63412782;10.9397;10.4342
0;1;1;1;0.64608528;10.9882;10.5335
0;0;0;0;0.911083139;10.7225;10.4474
0;0;0;0;1.031124132;10.8107;10.4838
0;0;0;0;1.238139345;10.9032;10.6014
0;1;1;0;-0.242974694;10.632;10.0856
0;0;0;0;0.22333707;10.8836;10.4511
0;0;0;0;1.143148795;11.2332;10.889
1;0;1;0;0.068037438;10.7495;10.4639
0;1;0;0;-0.157903754;10.6758;10.5828
1;1;1;1;-1.8004316;10.8881;10.6879
0;0;1;1;-0.148897384;10.8165;10.6338
0;1;1;1;0.059031068;10.8616;10.7319
0;1;1;1;0.996154079;10.8006;10.9138
0;1;0;1;-1.016080289;10.7284;10.5834
0;1;0;1;-0.449989907;10.7699;10.5815
0;1;1;1;-0.196960421;10.8813;10.8283
0;0;0;1;0.936133583;10.9527;10.3037
0;0;1;1;-1.929066095;10.9481;10.3357
1;1;1;1;-0.867960962;11.053;10.4472
0;0;0;1;-1.267985164;10.9054;10.5172
0;0;0;1;0.659178264;10.9689;10.6793
0;1;0;1;-0.242974694;10.964;10.7345
1;1;1;1;-2.112356972;10.7324;10.4003
1;0;1;1;-0.009995799;10.8287;10.3945
0;1;1;1;-0.182954197;10.8446;10.6405
0;1;1;1;-1.295497239;10.9422;10.165
0;0;0;1;1.188038457;10.8191;10.2495
0;0;0;1;1.178118848;10.9059;10.4649
1;0;1;1;0.084081512;10.6974;11.3672
0;1;0;1;0.981023245;10.7334;11.1837
0;1;0;1;0.685141947;10.7334;11.2013
1;0;1;1;-1.052665035;10.6135;11.2705
1;1;0;1;-1.646045207;10.6311;11.2899
0;0;0;1;-0.002604122;10.6444;11.3685
0;1;0;1;1.201554599;11.0644;11.1167
0;0;1;1;0.7544574;10.9758;11.2876
1;1;0;1;-0.291950971;10.9322;11.1831
0;0;0;1;0.971103636;10.6518;11.3473
0;0;0;1;-0.294690274;10.5532;11.3203
0;0;0;1;-1.017406396;10.593;11.2037
1;1;1;1;-0.727358093;10.7478;11.1326
1;1;1;1;-0.42626557;10.6725;11.1422
0;0;0;1;-0.000989429;10.6667;11.1949
0;0;0;1;1.203169292;10.9207;11.083
0;1;0;1;-2.540806488;10.7789;11.0993
1;0;1;1;1.253270179;10.81;11.1917
0;0;0;1;1.031412718;10.711;11.0717
1;1;0;1;-1.662790734;10.6639;11.27
0;1;0;1;0.091761775;10.7258;11.2602
0;0;1;1;0.150657661;10.6155;11.1784
0;1;1;1;-0.654678683;10.7012;11.1395
0;1;0;1;0.600984246;10.7556;11.0562
0;0;0;1;0.807651978;10.7507;11.0683
0;0;1;1;1.143148795;10.7048;11.0837
0;1;0;1;0.660091503;10.8421;11.0677
1;0;1;1;0.972016875;10.6106;10.9755
0;0;0;1;0.335073147;10.6681;11.1342
0;0;0;1;-0.328747088;10.6993;11.0409
0;0;1;1;0.3700432;10.8172;11.0509
0;1;0;1;0.63504106;10.7874;10.9961
0;0;0;1;1.101352824;10.7592;11.1877
0;1;0;1;0.058117829;10.8448;10.9628
0;1;0;1;1.188038457;10.76;11.0401
0;0;0;1;-0.634628093;10.7428;11.2013
0;0;0;1;1.143148795;10.4896;11.2915
0;1;0;1;0.024061015;10.446;11.367
1;0;1;1;0.047986848;10.4889;11.4773
0;1;1;1;-1.680102021;10.5313;11.036
0;0;1;1;-1.948050969;10.4273;11.0782
0;0;0;1;0.334159908;10.3116;11.229
0;1;0;1;0.384049424;10.7185;11.1839
0;1;1;1;0.09055995;10.5469;11.2986
1;1;1;1;-1.938832814;10.6207;11.2926
0;0;0;1;0.275052651;10.2966;11.0324
0;1;0;1;-0.885619729;10.6619;11.0622
0;0;0;1;1.188038457;10.723;11.218
0;1;0;1;0.841143033;10.8148;11.0712
1;1;1;1;-1.673834954;10.725;11.0889
1;0;0;1;-0.263025285;10.7454;11.3079
0;0;1;1;-0.559688134;10.4205;10.9927
1;1;1;1;-1.162575047;10.4104;11.1053
1;1;1;1;-1.210415385;10.5493;11.2651
1;0;1;1;-2.285728238;10.6092;11.1889
0;0;1;1;0.926213973;10.786;11.21
1;1;1;1;-1.61938007;10.7205;11.2668
0;1;1;1;-2.549111404;10.4952;11.1154
1;1;1;1;-1.167987768;10.4426;11.1561
0;1;0;1;-0.844035129;10.4366;11.4311
1;1;1;1;-0.507972553;10.4621;11.0462
1;1;0;1;-0.803853851;10.5252;11.1433
0;1;0;1;0.202084655;10.6221;11.1799
0;1;1;1;-0.62962824;10.8196;10.602
0;1;0;0;0.400447471;11.0627;10.907
0;0;0;0;1.006073689;11.0627;10.907
0;1;0;0;0.444281292;10.4267;10.5039
0;1;0;0;0.936133583;10.6356;10.5766
1;0;0;1;-2.429070411;10.9838;10.6732
0;1;0;1;-1.891769607;10.7317;10.6248
0;1;0;1;1.143148795;10.9723;10.6804
1;1;1;0;-0.964854791;10.9925;10.7647
1;0;1;0;-0.707307503;9.6292;10.7392
0;0;0;1;0.068037438;10.6222;10.4756
0;0;0;1;1.238139345;10.7254;10.7026
0;1;1;1;-0.749957819;10.6102;10.6078
0;0;0;1;0.394180405;10.6518;10.7043
1;1;0;1;-1.625935722;10.7452;10.844
1;1;1;1;-1.109032988;10.8725;10.6348
0;0;1;1;0.383136185;11.0184;10.8509
0;1;1;1;0.710192391;11.0665;10.8761
0;0;0;1;0.118138326;10.5719;10.2047
0;0;0;1;1.203169292;10.822;10.4406
0;1;0;1;0.059031068;10.8596;10.6405
0;0;0;1;1.213088901;10.8016;10.4887
0;0;0;1;0.72911837;10.9519;10.4604
0;0;1;0;-1.32800566;11.024;10.6098
0;0;0;0;0.117225086;10.8118;10.3708
0;0;0;0;1.298159842;10.8797;10.6839
0;1;0;0;1.131614493;11.0273;10.8209
1;0;1;0;-2.099698058;10.9695;10.266
0;0;0;0;1.178118848;11.1641;10.4401
0;0;0;0;1.118098351;11.1169;10.711
0;0;0;1;-0.007603975;10.9848;10.6823
0;1;1;1;-0.483835349;11.1491;10.7843
0;1;0;1;-0.447952057;11.2568;11.1937
0;1;0;1;1.006073689;10.7917;10.257
0;1;0;1;-0.511625096;10.9397;10.4342
0;1;0;1;0.911083139;10.9882;10.5335
0;0;0;1;-0.259720221;10.7225;10.4474
0;0;0;1;-0.414106614;10.8107;10.4838
1;1;1;1;-1.169053485;10.9032;10.6014
0;1;1;1;-0.448865296;10.632;10.0856
0;1;0;1;-0.196960421;10.8836;10.4511
0;0;0;1;1.248058954;11.2332;10.889
0;0;0;1;-1.134083432;10.7495;10.4639
0;1;0;1;0.103007491;10.6758;10.5828
0;0;0;1;1.223008511;10.8881;10.6879
0;1;1;1;-1.074062935;10.8165;10.6338
0;0;0;1;-0.62962824;10.8616;10.7319
0;0;0;1;1.218300126;10.8006;10.9138
1;1;1;1;-1.397032527;10.7284;10.5834
1;0;1;1;-2.240838576;10.7699;10.5815
0;0;0;1;-2.235627351;10.8813;10.8283
1;1;1;1;-1.015646218;10.9527;10.3037
0;1;1;1;0.513385373;10.9481;10.3357
0;1;0;1;-0.277944747;11.053;10.4472
1;1;1;1;-2.185470452;10.9054;10.5172
0;1;1;1;-1.255739118;10.9689;10.6793
0;0;1;1;-0.35358616;10.964;10.7345
0;0;1;0;-0.205966791;10.7324;10.4003
0;1;0;0;1.021204523;10.8287;10.3945
0;0;0;0;1.178118848;10.8446;10.6405
0;0;0;1;1.178118848;10.9422;10.165
1;0;1;1;-0.613584166;10.8191;10.2495
0;0;1;1;1.183330073;10.9059;10.4649
0;0;0;1;0.045024845;10.6974;11.3672
1;1;1;1;-1.91084157;10.7334;11.1837
0;1;0;1;0.478126734;10.7334;11.2013
0;1;1;1;-1.943072319;10.6135;11.2705
1;0;1;1;-0.89575071;10.6311;11.2899
0;1;0;1;-1.52530276;10.6444;11.3685
0;0;0;1;1.238139345;11.0644;11.1167
1;0;1;1;-1.014667092;10.9758;11.2876
0;0;0;1;-0.944726986;10.9322;11.1831
0;0;1;1;1.118098351;10.6518;11.3473
0;1;0;1;1.213088901;10.5532;11.3203
0;1;0;1;1.188038457;10.593;11.2037
0;0;1;1;-1.60404774;10.7478;11.1326
0;0;0;1;-0.774095023;10.6725;11.1422
0;1;0;1;1.253270179;10.6667;11.1949
1;0;0;1;-0.208004641;10.9207;11.083
0;1;0;1;-1.637038837;10.7789;11.0993
1;0;1;1;-0.240936844;10.81;11.1917
1;1;1;1;-0.192873807;10.711;11.0717
1;0;1;1;-1.711006663;10.6639;11.27
0;1;0;1;-1.653024016;10.7258;11.2602
1;1;1;1;-1.120077209;10.6155;11.1784
1;1;1;1;-2.047069239;10.7012;11.1395
1;0;1;1;-2.038764322;10.7556;11.0562
0;0;1;1;1.083128298;10.7507;11.0683
0;1;0;1;0.877026325;10.7048;11.0837
1;0;1;1;-0.61970863;10.8421;11.0677
1;0;1;1;0.168239213;10.6106;10.9755
1;1;1;1;-0.383844946;10.6681;11.1342
0;0;0;1;0.507118307;10.6993;11.0409
0;0;0;1;1.143148795;10.8172;11.0509
1;0;1;1;-1.120990448;10.7874;10.9961
0;0;0;1;0.936133583;10.7592;11.1877
0;1;0;1;1.108178742;10.8448;10.9628
0;1;0;1;1.203169292;10.76;11.0401
1;0;1;1;-0.801673399;10.7428;11.2013
0;0;0;1;0.335073147;10.4896;11.2915
1;1;1;1;0.275052651;10.446;11.367
0;1;0;1;1.238139345;10.4889;11.4773
0;1;1;1;1.108178742;10.5313;11.036
0;0;0;1;-0.902931015;10.4273;11.0782
1;1;1;1;-1.697000439;10.3116;11.229
0;0;0;1;0.033067385;10.7185;11.1839
0;0;0;1;0.946053192;10.5469;11.2986
0;0;0;1;1.203169292;10.6207;11.2926
1;0;0;1;-2.005120377;10.2966;11.0324
0;1;1;0;-0.517892163;10.6619;11.0622
1;0;1;0;-0.291950971;10.723;11.218
0;1;0;0;1.083128298;10.8148;11.0712
1;1;1;0;-0.56799305;10.725;11.0889
1;0;1;0;1.168199239;10.7454;11.3079
0;0;0;0;1.203169292;10.4205;10.9927
0;1;1;0;0.300103094;10.4104;11.1053
0;1;0;0;0.877026325;10.5493;11.2651
0;1;0;0;-0.793934242;10.6092;11.1889
1;0;1;0;-1.204023538;10.786;11.21
0;0;1;1;0.685141947;10.7205;11.2668
0;0;1;1;-0.519930013;10.4952;11.1154
0;0;0;1;0.62512145;10.4426;11.1561
1;1;1;1;-2.549111404;10.4366;11.4311
1;0;1;1;0.63412782;10.4621;11.0462
0;1;0;1;-1.120990448;10.5252;11.1433
0;0;0;1;1.143148795;10.6221;11.1799
0;0;0;1;0.383136185;10.8196;10.602
1;1;1;1;-0.784014633;11.0627;10.907
0;0;1;1;1.118098351;11.0627;10.907
0;0;0;1;0.946053192;10.4267;10.5039
0;0;1;1;-0.48495996;10.6356;10.5766
0;0;0;1;1.083128298;10.9838;10.6732
0;0;0;1;0.335073147;10.7317;10.6248
0;0;1;1;-1.276991534;10.9723;10.6804
0;0;1;1;0.083168273;10.9925;10.7647
0;1;1;1;0.428025847;9.6292;10.7392
1;1;1;1;0.084081512;10.6222;10.4756
0;0;0;1;1.118098351;10.7254;10.7026
0;0;1;1;-0.124760179;10.6102;10.6078
0;1;1;1;0.300103094;10.6518;10.7043
0;0;0;1;1.118098351;10.7452;10.844
1;0;1;1;-2.377354831;10.8725;10.6348
0;1;1;1;-0.426967024;11.0184;10.8509
0;1;0;0;1.168199239;11.0665;10.8761
0;0;0;0;-0.689937322;10.5719;10.2047
0;1;0;0;0.996154079;10.822;10.4406
0;1;1;1;-1.100026618;10.8596;10.6405
1;0;1;1;0.019974401;10.8016;10.4887
1;0;1;1;-1.578997296;10.9519;10.4604
0;0;0;1;-0.83207767;11.024;10.6098
0;0;0;1;0.118138326;10.8118;10.3708
1;0;0;1;-1.627060333;10.8797;10.6839
0;1;0;1;0.807086219;11.0273;10.8209
1;0;1;1;-0.700981542;10.9695;10.266
0;0;1;1;-0.445903293;11.1641;10.4401
0;1;0;1;0.105333927;11.1169;10.711
0;0;0;1;1.213088901;10.9848;10.6823
0;0;0;1;1.253270179;11.1491;10.7843
1;1;1;1;-0.192873807;11.2568;11.1937
0;0;0;1;0.996154079;10.7917;10.257
0;0;1;1;-0.809978315;10.9397;10.4342
1;0;1;1;0.274139412;10.9882;10.5335
0;0;0;1;0.030328081;10.7225;10.4474
1;0;1;1;-0.459909516;10.8107;10.4838
1;1;1;1;-1.161227737;10.9032;10.6014
0;0;0;1;1.323210285;10.632;10.0856
0;1;1;1;-0.871613505;10.8836;10.4511
1;1;1;1;-1.363677167;11.2332;10.889
1;0;1;0;-1.35628549;10.7495;10.4639
1;0;1;0;-1.002074065;10.6758;10.5828
1;0;1;1;-0.56799305;10.8881;10.6879
0;1;1;1;-0.291037731;10.8165;10.6338
0;0;0;1;0.05720459;10.8616;10.7319
1;0;1;1;-1.178973094;10.8006;10.9138
1;0;1;1;-1.196631861;10.7284;10.5834
0;1;0;1;1.066382771;10.7699;10.5815
0;1;0;1;1.263189788;10.8813;10.8283
0;1;0;1;-1.119865837;10.9527;10.3037
1;0;1;1;-0.494879569;10.9481;10.3357
1;0;1;1;-0.243887933;11.053;10.4472
0;0;0;1;1.223008511;10.9054;10.5172
1;0;1;1;-1.060969951;10.9689;10.6793
0;1;0;1;0.165499909;10.964;10.7345
0;0;0;1;-2.050721782;10.7324;10.4003
0;0;1;1;0.660091503;10.8287;10.3945
0;0;1;1;1.091433215;10.8446;10.6405
0;0;1;1;-0.010909038;10.9422;10.165
0;0;0;1;-0.244800759;10.8191;10.2495
0;1;1;1;0.600071007;10.9059;10.4649
0;1;0;1;-1.086020395;10.6974;11.3672
0;0;1;1;-0.508885792;10.7334;11.1837
1;1;1;1;-1.671949996;10.7334;11.2013
0;1;0;1;0.719198761;10.6135;11.2705
1;1;1;1;-2.375740138;10.6311;11.2899
1;1;1;1;-1.24293472;10.6444;11.3685
0;0;1;1;0.299189855;11.0644;11.1167
0;0;1;1;-0.749957819;10.9758;11.2876
0;0;0;1;1.021204523;10.9322;11.1831
0;0;0;1;0.300103094;10.6518;11.3473
0;0;0;1;1.248058954;10.5532;11.3203
0;0;0;1;-1.994787899;10.593;11.2037
0;1;0;1;1.263189788;10.7478;11.1326
0;0;0;1;-0.244589387;10.6725;11.1422
0;1;1;1;-2.056423089;10.6667;11.1949
0;1;0;1;0.720112;10.9207;11.083
0;1;0;1;0.394180405;10.7789;11.0993
0;1;1;1;0.275052651;10.81;11.1917
0;0;0;1;0.369129961;10.711;11.0717
0;1;0;1;0.936133583;10.6639;11.27
0;1;0;1;0.05720459;10.7258;11.2602
0;0;0;1;0.547442187;10.6155;11.1784
0;0;0;1;0.853100492;10.7012;11.1395
0;1;0;1;1.298159842;10.7556;11.0562
0;1;0;1;-0.122722329;10.7507;11.0683
0;0;1;1;-0.340927247;10.7048;11.0837
0;1;0;1;1.153068404;10.8421;11.0677
0;0;1;1;0.946053192;10.6106;10.9755
0;1;0;1;1.108178742;10.6681;11.1342
1;0;0;1;-0.707307503;10.6993;11.0409
1;0;1;1;-1.826808151;10.8172;11.0509
0;0;0;1;1.118098351;10.7874;10.9961
1;1;1;1;-1.256940943;10.7592;11.1877
1;0;1;1;-0.735951595;10.8448;10.9628
1;1;1;1;-2.254084451;10.76;11.0401
0;0;1;1;0.271400108;10.7428;11.2013
1;0;1;0;-1.085107156;10.4896;11.2915
0;0;0;0;-0.55694883;10.446;11.367
1;1;1;0;-1.497724384;10.4889;11.4773
0;0;1;0;0.936133583;10.5313;11.036
0;1;0;0;-0.12384694;10.4273;11.0782
0;0;0;1;-0.726031986;10.3116;11.229
0;0;0;1;0.576145174;10.7185;11.1839
0;0;0;1;-0.773883652;10.5469;11.2986
0;0;0;1;0.369129961;10.6207;11.2926
1;1;1;1;-0.867960962;10.2966;11.0324
1;0;1;1;-2.098784819;10.6619;11.0622
1;0;1;1;-1.8004316;10.723;11.218
0;0;1;1;-0.630830065;10.8148;11.0712
0;1;0;1;0.633426367;10.725;11.0889
0;1;0;1;-0.560601373;10.7454;11.3079
0;0;1;1;0.58241224;10.4205;10.9927
0;1;1;1;-0.291950971;10.4104;11.1053
0;0;0;1;1.248058954;10.5493;11.2651
0;0;0;1;1.323210285;10.6092;11.1889
1;1;1;0;-1.086020395;10.786;11.21
1;1;1;0;-1.578997296;10.7205;11.2668
1;1;1;0;-2.194063955;10.4952;11.1154
1;1;1;0;-1.411038751;10.4426;11.1561
0;0;0;0;1.143148795;10.4366;11.4311
0;0;0;0;-1.259391661;10.4621;11.0462
0;0;1;1;0.916294364;10.5252;11.1433
0;1;0;1;0.093087882;10.6221;11.1799
0;1;0;1;1.203169292;10.8196;10.602
1;1;1;1;-1.943072319;11.0627;10.907
0;0;1;1;-0.996921735;11.0627;10.907
0;0;0;1;1.133229186;10.4267;10.5039
0;1;0;1;1.178118848;10.6356;10.5766
0;0;0;1;-0.340014008;10.9838;10.6732
0;0;0;1;0.3700432;10.7317;10.6248
0;0;1;1;-1.173619267;10.9723;10.6804
0;0;0;1;0.080428969;10.9925;10.7647
0;0;0;0;0.936133583;9.6292;10.7392
0;1;1;0;-0.714987766;10.6222;10.4756
0;1;0;0;0.477213495;10.7254;10.7026
0;0;1;0;-0.266900527;10.6102;10.6078
0;1;1;0;0.418106238;10.6518;10.7043
0;1;1;1;-0.745871205;10.7452;10.844
0;1;1;1;-1.497724384;10.8725;10.6348
0;0;0;1;0.360123591;11.0184;10.8509
0;0;0;1;0.14227553;11.0665;10.8761
0;1;0;1;1.178118848;10.5719;10.2047
0;1;1;1;1.118098351;10.822;10.4406
0;1;1;1;-1.544027243;10.8596;10.6405
0;1;0;1;1.183330073;10.8016;10.4887
1;0;1;1;-1.448748108;10.9519;10.4604
0;1;1;1;0.105045341;11.024;10.6098
1;0;1;1;-2.350689694;10.8118;10.3708
0;1;1;1;1.021204523;10.8797;10.6839
0;0;0;1;-0.896663949;11.0273;10.8209
0;1;1;1;0.719198761;10.9695;10.266
0;0;0;1;1.238139345;11.1641;10.4401
1;1;1;1;-0.059885314;11.1169;10.711
0;0;1;1;0.876113086;10.9848;10.6823
1;1;1;1;-1.497724384;11.1491;10.7843
0;1;0;1;1.066382771;11.2568;11.1937
0;0;1;1;0.671135723;10.7917;10.257
0;0;0;1;0.310022704;10.9397;10.4342
0;0;0;1;0.404100014;10.9882;10.5335
0;0;0;1;0.843180883;10.7225;10.4474
1;1;1;1;-1.892971432;10.8107;10.4838
0;0;0;1;0.911083139;10.9032;10.6014
0;1;0;1;-0.55694883;10.632;10.0856
0;1;0;1;0.360123591;10.8836;10.4511
0;0;0;1;0.971103636;11.2332;10.889
0;0;0;1;0.601195617;10.7495;10.4639
0;0;1;1;1.298159842;10.6758;10.5828
0;0;0;1;0.151070529;10.8881;10.6879
0;1;0;1;0.379049571;10.8165;10.6338
0;1;1;1;-0.459909516;10.8616;10.7319
0;1;1;1;0.876113086;10.8006;10.9138
0;1;1;1;-0.759877428;10.7284;10.5834
0;1;0;1;0.659178264;10.7699;10.5815
0;0;0;1;0.996154079;10.8813;10.8283
0;1;0;1;0.766414859;10.9527;10.3037
0;0;0;1;0.911083139;10.9481;10.3357
1;0;0;1;1.006073689;11.053;10.4472
0;0;0;0;1.228219735;10.9054;10.5172
1;1;1;0;-0.65102614;10.9689;10.6793
0;0;1;0;0.63504106;10.964;10.7345
0;0;1;0;0.936133583;10.7324;10.4003
0;1;1;1;-0.542942606;10.964;10.7345
0;0;1;1;0.53104414;10.7324;10.4003
